﻿<?xml version="1.0"?>
<doc>
<assembly>
<name>
ARDFlight
</name>
</assembly>
<members>
<member name="M:ARDFlight.DroneInfoItemControl.InitializeComponent">
	<summary>
InitializeComponent
</summary>
</member><member name="T:ARDFlight.DroneInfoItemControl">
	<summary>
DroneInfoItemControl
</summary>
</member><member name="M:ARDFlight.InputSettingsView.InitializeComponent">
	<summary>
InitializeComponent
</summary>
</member><member name="T:ARDFlight.InputSettingsView">
	<summary>
InputSettingsView
</summary>
</member><member name="M:ARDFlight.Application.InitializeComponent">
	<summary>
InitializeComponent
</summary>
</member><member name="T:ARDFlight.Application">
	<summary>
Application
</summary>
</member><member name="M:ARDFlight.FlyControl.InitializeComponent">
	<summary>
InitializeComponent
</summary>
</member><member name="T:ARDFlight.FlyControl">
	<summary>
FlyControl
</summary>
</member><member name="M:ARDFlight.MainWindowView.InitializeComponent">
	<summary>
InitializeComponent
</summary>
</member><member name="T:ARDFlight.MainWindowView">
	<summary>
MainWindowView
</summary>
</member><member name="M:ARDFlight.HUDType1.InitializeComponent">
	<summary>
InitializeComponent
</summary>
</member><member name="T:ARDFlight.HUDType1">
	<summary>
HUDType1
</summary>
</member><member name="M:ARDFlight.DroneInfoView.InitializeComponent">
	<summary>
InitializeComponent
</summary>
</member><member name="T:ARDFlight.DroneInfoView">
	<summary>
DroneInfoView
</summary>
</member><member name="P:ARDFlight.My.Resources.Resources.ResourceManager">
	<summary>
  Returns the cached ResourceManager instance used by this class.
</summary>
</member><member name="P:ARDFlight.My.Resources.Resources.Culture">
	<summary>
  Overrides the current thread's CurrentUICulture property for all
  resource lookups using this strongly typed resource class.
</summary>
</member><member name="T:ARDFlight.My.Resources.Resources">
	<summary>
  A strongly-typed resource class, for looking up localized strings, etc.
</summary>
</member><member name="P:ARDFlight.My.MyWpfExtension.Application">
	<summary>
 Returns the application object for the running application
 </summary>
</member><member name="P:ARDFlight.My.MyWpfExtension.Computer">
	<summary>
 Returns information about the host computer.
 </summary>
</member><member name="P:ARDFlight.My.MyWpfExtension.User">
	<summary>
 Returns information for the current user.  If you wish to run the application with the current 
 Windows user credentials, call My.User.InitializeWithWindowsUser().
 </summary>
</member><member name="P:ARDFlight.My.MyWpfExtension.Log">
	<summary>
 Returns the application log. The listeners can be configured by the application's configuration file.
 </summary>
</member><member name="P:ARDFlight.My.MyWpfExtension.Windows">
	<summary>
 Returns the collection of Windows defined in the project.
 </summary>
</member><member name="T:ARDFlight.My.MyWpfExtension">
	<summary>
 Module used to define the properties that are available in the My Namespace for WPF
 </summary>
	<remarks></remarks>
</member>
</members>
</doc>